<?xml version="1.0" encoding="UTF-8"?>
<project-private xmlns="http://www.netbeans.org/ns/project-private/1">
    <editor-bookmarks xmlns="http://www.netbeans.org/ns/editor-bookmarks/2" lastBookmarkId="0"/>
    <open-files xmlns="http://www.netbeans.org/ns/projectui-open-files/2">
        <group>
            <file>file:/E:/Web%20Patterns/CA2/src/SQL/library.sql</file>
            <file>file:/E:/Web%20Patterns/CA2/src/Application/LibraryApp.java</file>
            <file>file:/E:/Web%20Patterns/CA2/src/SQL/libraryTest.sql</file>
        </group>
    </open-files>
</project-private>
